artifact_or_module,requirement_ids,source_of_truth
"android/tracebox-core/; android/tracebox-storage/; android/tracebox-directboot/","ASN-L0383;ASN-L0384;ASN-L0385;ASN-L0386;ASN-L0387;ASN-L0388;ASN-L0392;ASN-L0393;ASN-L0394;ASN-L0395;ASN-L0399;ASN-L0400;ASN-L0401;ASN-L0402;ASN-L0403;ASN-L0404;ASN-L0405;ASN-L0406;ASN-L0407;ASN-L0408;ASN-L0409;ASN-L0413;ASN-L0414;ASN-L0415;ASN-L0416;ASN-L0417;ASN-L0418;ASN-L0422;ASN-L0423;ASN-L0424;ASN-L0425;ASN-L0426;ASN-L0427;ASN-L0428;ASN-L0429;ASN-L0430;ASN-L0434;ASN-L0435;ASN-L0436;ASN-L0438;ASN-L0440;ASN-L0441;ASN-L0442;ASN-L0443;ASN-L0444;ASN-L0445;ASN-L0446;ASN-L0447;ASN-L0448;ASN-L0449;ASN-L0450;ASN-L0451;ASN-L0452;ASN-L0453;ASN-L0459;ASN-L0460;ASN-L0461;ASN-L0462;ASN-L0463;ASN-L0464;ASN-L0465;ASN-L0466;ASN-L0467;ASN-L0468;ASN-L0469","docs/traceability/requirements.csv"
"android/tracebox-export/; android/tracebox-export-ui/","ASN-L0597;ASN-L0598;ASN-L0599;ASN-L0600;ASN-L0601;ASN-L0602;ASN-L0603;ASN-L0604;ASN-L0605;ASN-L0606;ASN-L0607;ASN-L0608;ASN-L0609;ASN-L0610;ASN-L0614;ASN-L0615;ASN-L0616;ASN-L0617;ASN-L0618;ASN-L0619;ASN-L0620;ASN-L0621;ASN-L0622;ASN-L0623;ASN-L0627;ASN-L0628;ASN-L0629;ASN-L0630;ASN-L0631;ASN-L0632;ASN-L0636;ASN-L0637;ASN-L0638;ASN-L0639;ASN-L0640;ASN-L0641;ASN-L0642;ASN-L0643;ASN-L0644;ASN-L0648;ASN-L0649;ASN-L0650;ASN-L0651;ASN-L0655;ASN-L0656;ASN-L0657;ASN-L0658;ASN-L0659;ASN-L0660;ASN-L0664;ASN-L0665;ASN-L0666;ASN-L0667;ASN-L0668;ASN-L0672;ASN-L0673;ASN-L0674;ASN-L0675","docs/traceability/requirements.csv"
"android/tracebox-export/; android/tracebox-export-ui/; rust/tbdiag-format/","ARCH-L1002;ARCH-L1003;ARCH-L1004;ARCH-L1005;ARCH-L1006;ARCH-L1007;ARCH-L1008;ARCH-L1009;ARCH-L1010;ARCH-L1016;ARCH-L1017;ARCH-L1018;ARCH-L1019;ARCH-L1020;ARCH-L1021;ARCH-L1062;ARCH-L1063;ARCH-L1064;ARCH-L1065;ARCH-L1066;ARCH-L1068;ARCH-L1072;ARCH-L1073;ARCH-L1074;ARCH-L1075;ARCH-L1251;ARCH-L1252;ARCH-L1253;ARCH-L1254;ARCH-L1255;ARCH-L1256;ARCH-L1257;ARCH-L1258;ARCH-L1259;PLAN-L0091;PLAN-L0092;PLAN-L0093;PLAN-L0094;PLAN-L0095;PLAN-L0096;PLAN-L0097","docs/traceability/requirements.csv"
"build-logic/; benchmarks/; test-apps/; specs/; docs/adr/","ARCH-L1110;ARCH-L1111;ARCH-L1112;ARCH-L1113;ARCH-L1114;ARCH-L1115;ARCH-L1116;ARCH-L1117;ARCH-L1118;ARCH-L1120;ARCH-L1329;ARCH-L1331;ARCH-L1332;ARCH-L1333;ARCH-L1334;ARCH-L1335;ARCH-L1336;ARCH-L1337;ARCH-L1338;ARCH-L1339;ARCH-L1340;ARCH-L1341;ARCH-L1342;ARCH-L1346;ARCH-L1347;ARCH-L1348;ARCH-L1349;ARCH-L1350;ARCH-L1351","docs/traceability/requirements.csv"
"conformance/; rust/tbdiag-cli/","ARCH-L1098;ARCH-L1099;ARCH-L1100;ARCH-L1101;ARCH-L1102;ARCH-L1103;ARCH-L1104;ARCH-L1132;ARCH-L1133;ARCH-L1134;ARCH-L1135;ARCH-L1136;ARCH-L1137;ARCH-L1138;ARCH-L1139","docs/traceability/requirements.csv"
"docs/adr/0008-engineering-feasibility-prerequisite-supersession.md; docs/project/implementation-ledger.md; docs/project/phase0-feasibility-status.md","ADR8-L0017;ADR8-L0018;ADR8-L0022;ADR8-L0023;ADR8-L0024;ADR8-L0025;ADR8-L0026;ADR8-L0030","docs/traceability/requirements.csv"
"native/; android/tracebox-jvm-crash/; android/tracebox-anr-exit/; rust/","ASN-L0477;ASN-L0478;ASN-L0479;ASN-L0480;ASN-L0481;ASN-L0482;ASN-L0483;ASN-L0484;ASN-L0485;ASN-L0486;ASN-L0487;ASN-L0489;ASN-L0493;ASN-L0494;ASN-L0495;ASN-L0496;ASN-L0497;ASN-L0498;ASN-L0499;ASN-L0500;ASN-L0501;ASN-L0502;ASN-L0503;ASN-L0504;ASN-L0508;ASN-L0509;ASN-L0510;ASN-L0511;ASN-L0512;ASN-L0513;ASN-L0514;ASN-L0515;ASN-L0516;ASN-L0517;ASN-L0518;ASN-L0519;ASN-L0520;ASN-L0521;ASN-L0525;ASN-L0526;ASN-L0527;ASN-L0528;ASN-L0529;ASN-L0530;ASN-L0531;ASN-L0532;ASN-L0533;ASN-L0534;ASN-L0535;ASN-L0536;ASN-L0540;ASN-L0541;ASN-L0542;ASN-L0543;ASN-L0544;ASN-L0548;ASN-L0549;ASN-L0550;ASN-L0551;ASN-L0552;ASN-L0556;ASN-L0557;ASN-L0558;ASN-L0559;ASN-L0560;ASN-L0561;ASN-L0562;ASN-L0563;ASN-L0564;ASN-L0565;ASN-L0566;ASN-L0568;ASN-L0570;ASN-L0571;ASN-L0572;ASN-L0576;ASN-L0577;ASN-L0578;ASN-L0579;ASN-L0580;ASN-L0581;ASN-L0582;ASN-L0583;ASN-L0584;ASN-L0585;ASN-L0586;ASN-L0587;ASN-L0588;ASN-L0589","docs/traceability/requirements.csv"
"native/; android/tracebox-native/; android/tracebox-anr-exit/","ADR1-L0031;ADR1-L0032;ADR1-L0033;ADR1-L0034;ADR1-L0035;ADR1-L0036;ARCH-L0252;ARCH-L0256;ARCH-L0257;ARCH-L0258;ARCH-L0259;ARCH-L0260;ARCH-L0261;ARCH-L0263;ARCH-L0264;ARCH-L0265;ARCH-L0266;ARCH-L0267;ARCH-L0268;ARCH-L0269;ARCH-L0271;ARCH-L0273;ARCH-L0334;ARCH-L0335;ARCH-L0336;ARCH-L0337;ARCH-L0338;ARCH-L0339;ARCH-L0340;ARCH-L0341;ARCH-L0342;ARCH-L0348;ARCH-L0349;ARCH-L0350;ARCH-L0351;ARCH-L0355;ARCH-L0356;ARCH-L0357;ARCH-L0358;ARCH-L0360;ARCH-L0756;ARCH-L0757;ARCH-L0758;ARCH-L0759;ARCH-L0760;ARCH-L0761;ARCH-L0762;ARCH-L0763;ARCH-L0785;ARCH-L0786;ARCH-L0787;ARCH-L0789;ARCH-L0795;ARCH-L0796;ARCH-L0797;ARCH-L0798;ARCH-L0799;ARCH-L0800;ARCH-L0801;ARCH-L0807;ARCH-L0809;ARCH-L0810;ARCH-L0811;ARCH-L0812;ARCH-L0813;ARCH-L0814;ARCH-L0815;ARCH-L1205;ARCH-L1206;ARCH-L1207;ARCH-L1208;ARCH-L1209;ARCH-L1210;ARCH-L1211;ARCH-L1212;ARCH-L1213;ARCH-L1214;ARCH-L1215;ARCH-L1221;ARCH-L1222;ARCH-L1223;ARCH-L1224;ARCH-L1225;ARCH-L1226;ARCH-L1227;ARCH-L1228;ARCH-L1229;ARCH-L1299;ARCH-L1301;ARCH-L1302;ARCH-L1303;ARCH-L1304;ARCH-L1305;ARCH-L1306;ARCH-L1307;ARCH-L1308;ARCH-L1310;ARCH-L1314;ARCH-L1316;ARCH-L1317;ARCH-L1318;ARCH-L1319;ARCH-L1320;ARCH-L1321","docs/traceability/requirements.csv"
"phase0/; specs/; docs/adr/; native/; android/; benchmarks/; test-apps/","ASN-L0223;ASN-L0224;ASN-L0225;ASN-L0226;ASN-L0227;ASN-L0228;ASN-L0229;ASN-L0230;ASN-L0236;ASN-L0237;ASN-L0238;ASN-L0239;ASN-L0240;ASN-L0241;ASN-L0242;ASN-L0243;ASN-L0244;ASN-L0245;ASN-L0246;ASN-L0247;ASN-L0248;ASN-L0249;ASN-L0255;ASN-L0256;ASN-L0258;ASN-L0262;ASN-L0263;ASN-L0264;ASN-L0265;ASN-L0266;ASN-L0267;ASN-L0268;ASN-L0270;ASN-L0274;ASN-L0275;ASN-L0276;ASN-L0277;ASN-L0278;ASN-L0279;ASN-L0281;ASN-L0282;ASN-L0283;ASN-L0284;ASN-L0285;ASN-L0286;ASN-L0287;ASN-L0288;ASN-L0289;ASN-L0291;ASN-L0292;ASN-L0293;ASN-L0294;ASN-L0295;ASN-L0296;ASN-L0297;ASN-L0299;ASN-L0300;ASN-L0301;ASN-L0302;ASN-L0303;ASN-L0304;ASN-L0305;ASN-L0306;ASN-L0310;ASN-L0311;ASN-L0312;ASN-L0313;ASN-L0314","docs/traceability/requirements.csv"
"rust/tbdiag-cli/; tooling/tracebox-gradle-plugin/; conformance/","ASN-L0683;ASN-L0684;ASN-L0685;ASN-L0686;ASN-L0687;ASN-L0688;ASN-L0689;ASN-L0693;ASN-L0694;ASN-L0695;ASN-L0696;ASN-L0697;ASN-L0698;ASN-L0699;ASN-L0700;ASN-L0704;ASN-L0705;ASN-L0706;ASN-L0707;ASN-L0708;ASN-L0709;ASN-L0710;ASN-L0711;ASN-L0712;ASN-L0713;ASN-L0717;ASN-L0718;ASN-L0719;ASN-L0720;ASN-L0721;ASN-L0722;ASN-L0723;ASN-L0727;ASN-L0728;ASN-L0729;ASN-L0730;ASN-L0731;ASN-L0732;ASN-L0733;ASN-L0734;ASN-L0735;ASN-L0736;ASN-L0737;ASN-L0738;ASN-L0740;ASN-L0744;ASN-L0746","docs/traceability/requirements.csv"
"schema/; tooling/schema-compiler/; android/tracebox-api/; native/include/; rust/","ASN-L0322;ASN-L0323;ASN-L0324;ASN-L0325;ASN-L0326;ASN-L0327;ASN-L0328;ASN-L0329;ASN-L0333;ASN-L0334;ASN-L0335;ASN-L0336;ASN-L0340;ASN-L0344;ASN-L0345;ASN-L0346;ASN-L0347;ASN-L0348;ASN-L0349;ASN-L0350;ASN-L0354;ASN-L0355;ASN-L0356;ASN-L0357;ASN-L0358;ASN-L0359;ASN-L0360;ASN-L0361;ASN-L0362;ASN-L0363;ASN-L0365;ASN-L0369;ASN-L0370;ASN-L0371;ASN-L0372;ASN-L0373;ASN-L0374;ASN-L0375","docs/traceability/requirements.csv"
"See dependency-aware ledger row and mapped module paths","WP-C1.1;WP-C1.2;WP-C1.3;WP-C1.4;WP-C1.5;WP-C1.6;WP-E6.1;WP-E6.2;WP-E6.3;WP-F0.1;WP-F0.2;WP-F0.3;WP-F0.4;WP-F0.5;WP-F0.6;WP-F0.7;WP-P4.1;WP-P4.2;WP-P4.3;WP-P4.4;WP-P4.5;WP-P4.6;WP-P4.7;WP-R2.1;WP-R2.2;WP-R2.3;WP-R2.4;WP-R2.5;WP-R2.6;WP-R2.7;WP-R2.8;WP-T5.1;WP-T5.2;WP-T5.3;WP-T5.4;WP-T5.5;WP-T5.6;WP-X3.1;WP-X3.10;WP-X3.2;WP-X3.3;WP-X3.4;WP-X3.5;WP-X3.6;WP-X3.7;WP-X3.8;WP-X3.9","docs/traceability/requirements.csv"
"See implementation ledger and architecture module map","ADR1-L0009;ADR1-L0015;ADR1-L0016;ADR1-L0017;ADR1-L0023;ADR1-L0024;ADR1-L0025;ADR1-L0044;ADR1-L0045;ADR1-L0046;ADR1-L0047;ADR1-L0048;ADR1-L0049;ADR1-L0050;ADR1-L0058;ADR1-L0064;ADR1-L0066;ADR1-L0067;ADR1-L0068;ADR1-L0069;ADR1-L0070;ADR1-L0071;ADR1-L0072;ADR1-L0078;ADR1-L0079;ADR1-L0080;ADR1-L0081;ADR1-L0087;ADR1-L0088;ADR1-L0089;ADR1-L0090;ADR1-L0091;ADR1-L0092;ADR1-L0093;ADR1-L0094;ADR1-L0098;ADR1-L0099;ADR2-L0011;ADR2-L0012;ADR2-L0013;ADR2-L0014;ADR2-L0018;ADR2-L0019;ADR2-L0020;ADR2-L0021;ADR2-L0022;ADR2-L0023;ADR2-L0024;ADR2-L0030;ADR2-L0034;ADR3-L0011;ADR3-L0012;ADR3-L0013;ADR3-L0014;ADR3-L0015;ADR3-L0016;ADR3-L0017;ADR3-L0018;ADR3-L0019;ADR3-L0020;ADR3-L0021;ADR4-L0015;ADR4-L0016;ADR4-L0017;ADR4-L0018;ADR4-L0019;ADR4-L0020;ADR4-L0021;ADR4-L0022;ADR4-L0028;ADR4-L0029;ADR4-L0030;ADR4-L0031;ADR4-L0032;ADR4-L0033;ADR4-L0034;ADR4-L0038;ADR4-L0039;ADR4-L0040;ADR4-L0041;ADR4-L0043;ADR4-L0047;ADR5-L0011;ADR5-L0012;ADR5-L0013;ADR5-L0014;ADR5-L0015;ADR5-L0016;ADR5-L0017;ADR5-L0018;ADR5-L0019;ADR5-L0020;ADR5-L0021;ADR5-L0022;ADR5-L0023;ADR5-L0027;ADR5-L0028;ADR5-L0029;ADR5-L0030;ADR5-L0031;ADR5-L0032;ADR5-L0033;ADR5-L0034;ADR5-L0035;ADR6-L0011;ADR6-L0017;ADR7-L0009;ADR7-L0011;ADR7-L0012;ADR7-L0013;ADR7-L0014;ADR7-L0015;ADR7-L0016;ADR7-L0017;ADR7-L0018;ADR7-L0019;ADR7-L0020;ADR7-L0021;ADR7-L0022;ADR7-L0024;ARCH-L0014;ARCH-L0015;ARCH-L0016;ARCH-L0017;ARCH-L0018;ARCH-L0019;ARCH-L0020;ARCH-L0021;ARCH-L0022;ARCH-L0023;ARCH-L0025;ARCH-L0029;ARCH-L0030;ARCH-L0031;ARCH-L0032;ARCH-L0033;ARCH-L0034;ARCH-L0035;ARCH-L0036;ARCH-L0040;ARCH-L0041;ARCH-L0042;ARCH-L0043;ARCH-L0044;ARCH-L0045;ARCH-L0046;ARCH-L0047;ARCH-L0048;ARCH-L0049;ARCH-L0053;ARCH-L0054;ARCH-L0055;ARCH-L0056;ARCH-L0057;ARCH-L0058;ARCH-L0059;ARCH-L0060;ARCH-L0061;ARCH-L0062;ARCH-L0085;ARCH-L0086;ARCH-L0087;ARCH-L0088;ARCH-L0092;ARCH-L0093;ARCH-L0094;ARCH-L0095;ARCH-L0096;ARCH-L0097;ARCH-L0103;ARCH-L0104;ARCH-L0105;ARCH-L0106;ARCH-L0107;ARCH-L0113;ARCH-L0114;ARCH-L0115;ARCH-L0116;ARCH-L0120;ARCH-L0121;ARCH-L0122;ARCH-L0123;ARCH-L0124;ARCH-L0150;ARCH-L0152;ARCH-L0154;ARCH-L0170;ARCH-L0171;ARCH-L0172;ARCH-L0173;ARCH-L0174;ARCH-L0176;ARCH-L0196;ARCH-L0197;ARCH-L0198;ARCH-L0199;ARCH-L0201;ARCH-L0205;ARCH-L0206;ARCH-L0207;ARCH-L0208;ARCH-L0214;ARCH-L0215;ARCH-L0216;ARCH-L0218;ARCH-L0219;ARCH-L0220;ARCH-L0221;ARCH-L0222;ARCH-L0223;ARCH-L0224;ARCH-L0225;ARCH-L0242;ARCH-L0244;ARCH-L0246;ARCH-L0248;ARCH-L0318;ARCH-L0319;ARCH-L0320;ARCH-L0321;ARCH-L0322;ARCH-L0323;ARCH-L0324;ARCH-L0372;ARCH-L0373;ARCH-L0374;ARCH-L0375;ARCH-L0376;ARCH-L0378;ARCH-L0382;ARCH-L0384;ARCH-L0385;ARCH-L0386;ARCH-L0387;ARCH-L0389;ARCH-L0395;ARCH-L0396;ARCH-L0397;ARCH-L0398;ARCH-L0399;ARCH-L0400;ARCH-L0401;ARCH-L0402;ARCH-L0403;ARCH-L0404;ARCH-L0405;ARCH-L0406;ARCH-L0407;ARCH-L0408;ARCH-L0410;ARCH-L0414;ARCH-L0415;ARCH-L0416;ARCH-L0417;ARCH-L0423;ARCH-L0424;ARCH-L0425;ARCH-L0426;ARCH-L0427;ARCH-L0428;ARCH-L0429;ARCH-L0430;ARCH-L0431;ARCH-L0481;ARCH-L0482;ARCH-L0483;ARCH-L0484;ARCH-L0485;ARCH-L0486;ARCH-L0487;ARCH-L0488;ARCH-L0489;ARCH-L0490;ARCH-L0491;ARCH-L0492;ARCH-L0548;ARCH-L0563;ARCH-L0564;ARCH-L0565;ARCH-L0566;ARCH-L0567;ARCH-L0568;ARCH-L0569;ARCH-L0599;ARCH-L0630;ARCH-L0631;ARCH-L0632;ARCH-L0633;ARCH-L0634;ARCH-L0635;ARCH-L0639;ARCH-L0655;ARCH-L0659;ARCH-L0660;ARCH-L0661;ARCH-L0662;ARCH-L0663;ARCH-L0665;ARCH-L0667;ARCH-L0669;ARCH-L0677;ARCH-L0678;ARCH-L0679;ARCH-L0680;ARCH-L0684;ARCH-L0685;ARCH-L0686;ARCH-L0687;ARCH-L0691;ARCH-L0692;ARCH-L0693;ARCH-L0694;ARCH-L0702;ARCH-L0703;ARCH-L0704;ARCH-L0705;ARCH-L0706;ARCH-L0725;ARCH-L0726;ARCH-L0727;ARCH-L0728;ARCH-L0729;ARCH-L0730;ARCH-L0731;ARCH-L0735;ARCH-L0736;ARCH-L0737;ARCH-L0738;ARCH-L0739;ARCH-L0740;ARCH-L0741;ARCH-L0743;ARCH-L0749;ARCH-L0750;ARCH-L0751;ARCH-L0752;ARCH-L0767;ARCH-L0769;ARCH-L0770;ARCH-L0771;ARCH-L0772;ARCH-L0773;ARCH-L0774;ARCH-L0775;ARCH-L0777;ARCH-L0827;ARCH-L0828;ARCH-L0829;ARCH-L0830;ARCH-L0831;ARCH-L0832;ARCH-L0838;ARCH-L0840;ARCH-L0841;ARCH-L0842;ARCH-L0843;ARCH-L0844;ARCH-L0846;ARCH-L0862;ARCH-L0869;ARCH-L0870;ARCH-L0871;ARCH-L0872;ARCH-L0873;ARCH-L0879;ARCH-L0880;ARCH-L0881;ARCH-L0882;ARCH-L0883;ARCH-L0884;ARCH-L0888;ARCH-L0892;ARCH-L0893;ARCH-L0894;ARCH-L0895;ARCH-L0896;ARCH-L0897;ARCH-L0898;ARCH-L0899;ARCH-L0900;ARCH-L0906;ARCH-L0907;ARCH-L0908;ARCH-L0909;ARCH-L0910;ARCH-L0916;ARCH-L0917;ARCH-L0918;ARCH-L0919;ARCH-L0920;ARCH-L0921;ARCH-L0931;ARCH-L0932;ARCH-L0933;ARCH-L0934;ARCH-L0935;ARCH-L0936;ARCH-L0937;ARCH-L0938;ARCH-L0939;ARCH-L0940;ARCH-L0944;ARCH-L0945;ARCH-L0946;ARCH-L0954;ARCH-L0955;ARCH-L0956;ARCH-L0957;ARCH-L0963;ARCH-L0964;ARCH-L0965;ARCH-L0966;ARCH-L0967;ARCH-L0968;ARCH-L0969;ARCH-L0970;ARCH-L0971;ARCH-L0972;ARCH-L0978;ARCH-L0979;ARCH-L0980;ARCH-L0981;ARCH-L0982;ARCH-L0983;ARCH-L0984;ARCH-L0985;ARCH-L0987;ARCH-L0991;ARCH-L0992;ARCH-L0993;ARCH-L0994;ARCH-L0995;ARCH-L0996;ARCH-L1027;ARCH-L1028;ARCH-L1029;ARCH-L1030;ARCH-L1031;ARCH-L1032;ARCH-L1033;ARCH-L1034;ARCH-L1035;ARCH-L1036;ARCH-L1038;ARCH-L1046;ARCH-L1047;ARCH-L1048;ARCH-L1049;ARCH-L1050;ARCH-L1051;ARCH-L1052;ARCH-L1053;ARCH-L1054;ARCH-L1143;ARCH-L1145;ARCH-L1146;ARCH-L1147;ARCH-L1148;ARCH-L1149;ARCH-L1150;ARCH-L1151;ARCH-L1152;ARCH-L1153;ARCH-L1154;ARCH-L1155;ARCH-L1156;ARCH-L1157;ARCH-L1158;ARCH-L1159;ARCH-L1165;ARCH-L1166;ARCH-L1167;ARCH-L1168;ARCH-L1169;ARCH-L1170;ARCH-L1171;ARCH-L1172;ARCH-L1178;ARCH-L1179;ARCH-L1180;ARCH-L1181;ARCH-L1182;ARCH-L1183;ARCH-L1184;ARCH-L1185;ARCH-L1186;ARCH-L1187;ARCH-L1195;ARCH-L1196;ARCH-L1197;ARCH-L1198;ARCH-L1199;ARCH-L1200;ARCH-L1201;ARCH-L1285;ARCH-L1286;ARCH-L1287;ARCH-L1288;ARCH-L1289;ARCH-L1290;ARCH-L1291;ARCH-L1292;ARCH-L1293;ARCH-L1355;ARCH-L1356;ARCH-L1357;ARCH-L1358;ARCH-L1359;ARCH-L1360;ARCH-L1361;ARCH-L1362;ARCH-L1363;ARCH-L1364;ASN-L0003;ASN-L0018;ASN-L0019;ASN-L0020;ASN-L0021;ASN-L0022;ASN-L0023;ASN-L0024;ASN-L0025;ASN-L0026;ASN-L0027;ASN-L0028;ASN-L0029;ASN-L0030;ASN-L0031;ASN-L0033;ASN-L0041;ASN-L0042;ASN-L0043;ASN-L0049;ASN-L0050;ASN-L0051;ASN-L0052;ASN-L0053;ASN-L0054;ASN-L0056;ASN-L0060;ASN-L0061;ASN-L0062;ASN-L0063;ASN-L0065;ASN-L0069;ASN-L0070;ASN-L0071;ASN-L0072;ASN-L0073;ASN-L0074;ASN-L0076;ASN-L0078;ASN-L0086;ASN-L0087;ASN-L0088;ASN-L0089;ASN-L0090;ASN-L0091;ASN-L0093;ASN-L0095;ASN-L0096;ASN-L0097;ASN-L0098;ASN-L0099;ASN-L0100;ASN-L0102;ASN-L0108;ASN-L0109;ASN-L0110;ASN-L0111;ASN-L0112;ASN-L0113;ASN-L0114;ASN-L0115;ASN-L0116;ASN-L0117;ASN-L0118;ASN-L0119;ASN-L0120;ASN-L0121;ASN-L0122;ASN-L0128;ASN-L0134;ASN-L0135;ASN-L0136;ASN-L0137;ASN-L0138;ASN-L0139;ASN-L0140;ASN-L0141;ASN-L0142;ASN-L0143;ASN-L0144;ASN-L0145;ASN-L0146;ASN-L0147;ASN-L0148;ASN-L0149;ASN-L0150;ASN-L0151;ASN-L0152;ASN-L0153;ASN-L0154;ASN-L0155;ASN-L0156;ASN-L0157;ASN-L0158;ASN-L0159;ASN-L0160;ASN-L0161;ASN-L0162;ASN-L0163;ASN-L0164;ASN-L0165;ASN-L0166;ASN-L0167;ASN-L0177;ASN-L0178;ASN-L0180;ASN-L0182;ASN-L0186;ASN-L0187;ASN-L0188;ASN-L0189;ASN-L0190;ASN-L0191;ASN-L0192;ASN-L0193;ASN-L0195;ASN-L0199;ASN-L0201;ASN-L0202;ASN-L0203;ASN-L0204;ASN-L0205;ASN-L0206;ASN-L0207;ASN-L0213;ASN-L0215;ASN-L0754;ASN-L0755;ASN-L0756;ASN-L0757;ASN-L0758;ASN-L0759;ASN-L0760;ASN-L0761;ASN-L0762;ASN-L0763;ASN-L0764;ASN-L0768;ASN-L0769;ASN-L0770;ASN-L0771;ASN-L0772;ASN-L0773;ASN-L0774;ASN-L0776;ASN-L0780;ASN-L0781;ASN-L0782;ASN-L0783;ASN-L0784;ASN-L0785;ASN-L0786;ASN-L0787;ASN-L0788;ASN-L0789;ASN-L0790;ASN-L0791;ASN-L0792;ASN-L0793;ASN-L0795;ASN-L0797;ASN-L0805;ASN-L0806;ASN-L0807;ASN-L0808;ASN-L0809;ASN-L0810;ASN-L0811;ASN-L0812;ASN-L0816;ASN-L0817;ASN-L0818;ASN-L0822;ASN-L0823;ASN-L0824;ASN-L0825;ASN-L0826;ASN-L0827;ASN-L0828;ASN-L0829;ASN-L0830;ASN-L0831;ASN-L0832;ASN-L0833;ASN-L0837;ASN-L0843;ASN-L0844;ASN-L0845;ASN-L0846;ASN-L0847;ASN-L0848;ASN-L0849;ASN-L0850;ASN-L0851;ASN-L0852;ASN-L0853;ASN-L0861;ASN-L0862;ASN-L0863;ASN-L0864;ASN-L0865;ASN-L0866;ASN-L0867;ASN-L0869;ASN-L0873;ASN-L0874;ASN-L0875;ASN-L0876;ASN-L0877;ASN-L0878;ASN-L0879;ASN-L0880;ASN-L0881;ASN-L0882;ASN-L0884;ASN-L0890;ASN-L0894;ASN-L0895;ASN-L0896;ASN-L0897;ASN-L0898;ASN-L0899;ASN-L0900;ASN-L0901;ASN-L0902;ASN-L0903;ASN-L0907;ASN-L0908;ASN-L0909;ASN-L0910;ASN-L0911;ASN-L0912;ASN-L0913;ASN-L0914;ASN-L0915;ASN-L0925;ASN-L0926;ASN-L0927;ASN-L0928;ASN-L0936;ASN-L0937;ASN-L0938;ASN-L0944;ASN-L0945;ASN-L0946;ASN-L0947;ASN-L0948;ASN-L0949;ASN-L0950;ASN-L0951;ASN-L0952;ASN-L0953;ASN-L0954;ASN-L0955;ASN-L0956;ASN-L0957;ASN-L0958;ASN-L0959;ASN-L0960;ASN-L0966;ASN-L0967;ASN-L0968;ASN-L0970;ASN-L0980;ASN-L0981;ASN-L0982;ASN-L0983;ASN-L0984;ASN-L0985;ASN-L0986;ASN-L0987;ASN-L0988;ASN-L0989;ASN-L0991;PLAN-L0012;PLAN-L0013;PLAN-L0014;PLAN-L0015;PLAN-L0036;PLAN-L0037;PLAN-L0038;PLAN-L0039;PLAN-L0040;PLAN-L0041;PLAN-L0042;PLAN-L0044;PLAN-L0050;PLAN-L0051;PLAN-L0052;PLAN-L0053;PLAN-L0054;PLAN-L0055;PLAN-L0061;PLAN-L0062;PLAN-L0063;PLAN-L0064;PLAN-L0065;PLAN-L0066;PLAN-L0067;PLAN-L0068;PLAN-L0074;PLAN-L0075;PLAN-L0076;PLAN-L0077;PLAN-L0078;PLAN-L0079;PLAN-L0080;PLAN-L0081;PLAN-L0082;PLAN-L0083;PLAN-L0103;PLAN-L0104;PLAN-L0105;PLAN-L0106;PLAN-L0107;PLAN-L0108;PLAN-L0114;PLAN-L0115;PLAN-L0116;PLAN-L0122;PLAN-L0123;PLAN-L0124;PLAN-L0125;PLAN-L0126;PLAN-L0130;PLAN-L0134;PLAN-L0135;PLAN-L0136;PLAN-L0137;PLAN-L0138;PLAN-L0139;PLAN-L0140;PLAN-L0141;PLAN-L0142;PLAN-L0143;PLAN-L0144;PLAN-L0150;PLAN-L0151;PLAN-L0152;PLAN-L0153;PLAN-L0154;PLAN-L0155;PLAN-L0161;PLAN-L0162;PLAN-L0163;PLAN-L0164;PLAN-L0165;PLAN-L0166;PLAN-L0167;PLAN-L0168;PLAN-L0169;PLAN-L0175;PLAN-L0176;PLAN-L0177;PLAN-L0178;PLAN-L0179;PLAN-L0180;PLAN-L0181;PLAN-L0182;PLAN-L0183;PLAN-L0184;PLAN-L0185;PLAN-L0186;PLAN-L0187;PLAN-L0188;PLAN-L0189;PLAN-L0190;PLAN-L0194;PLAN-L0196;PLAN-L0197;PLAN-L0198;PLAN-L0199;PLAN-L0200;PLAN-L0201;PLAN-L0202;PLAN-L0203;PLAN-L0204;PLAN-L0205;PLAN-L0206;PLAN-L0207;PLAN-L0208;PLAN-L0209;PLAN-L0210;PLAN-L0211;PLAN-L0212;PLAN-L0213;PLAN-L0214;PLAN-L0215;PLAN-L0216;PLAN-L0217;PLAN-L0218","docs/traceability/requirements.csv"
"specs/; schema/; tooling/schema-compiler/","ARCH-L0068;ARCH-L0069;ARCH-L0070;ARCH-L0071;ARCH-L0072;ARCH-L0073;ARCH-L0074;ARCH-L0075;ARCH-L0076;ARCH-L0077;ARCH-L0498;ARCH-L0499;ARCH-L0500;ARCH-L0501;ARCH-L0502;ARCH-L0503;ARCH-L0504;ARCH-L0506;ARCH-L0508;ARCH-L0509;ARCH-L0510;ARCH-L0511;ARCH-L0512;ARCH-L0513;ARCH-L0514;ARCH-L0515;ARCH-L0516;ARCH-L0517;ARCH-L0519;ARCH-L0577;ARCH-L0578;ARCH-L0579;ARCH-L0580;ARCH-L0581;ARCH-L0582;ARCH-L0583;ARCH-L0584;ARCH-L0585;ARCH-L0591;ARCH-L1235;ARCH-L1236;ARCH-L1237;ARCH-L1238;ARCH-L1239;ARCH-L1240;ARCH-L1241;ARCH-L1242;ARCH-L1243;ARCH-L1244;ARCH-L1245;ARCH-L1246;ARCH-L1247;ARCH-L1266;ARCH-L1268;ARCH-L1269;ARCH-L1270;ARCH-L1276;ARCH-L1277","docs/traceability/requirements.csv"
