"work_package","work","dependencies","acceptance","status","satisfied_by_prior_commit","notes_or_evidence"
"C1.1","Formal privacy/event schema","F0.1;F0.3","Stable bounded privacy-classified schema","PASS","","`schema/events.json` drives privacy and bounded fields. Evidence: `evidence/phase1/schema-compiler.json`."
"C1.2","Schema model and compiler","C1.1","Kotlin/C/C++/Rust/protobuf/docs generation and golden tests","PASS","","One strict model generates Kotlin recording types/functions, C structs/declarations, Rust ABI types, correct protobuf scalar types, decoder metadata, labels, and docs; drift golden test passes. Evidence: `evidence/phase1/schema-compiler.json`."
"C1.3","Kotlin public API","C1.2","Generated-only recording API","PASS","","`android/tracebox-api` accepts only schema-generated bounded values; enablement is checked before construction. Evidence: `evidence/phase1/kotlin-api-and-identity.json`."
"C1.4","Versioned C ABI","C1.2","Size-prefixed ABI and compatibility tests","PASS","","Generated C event layouts and the emergency public view use v1 headers; the Phase 0 raw 256-byte storage remains internal. MSVC builds and CTest validates emergency, ABI, generated-event linkage, and initialization compatibility. Evidence: `evidence/final/c1-native-abi-msvc-validation.json`."
"C1.5","Rust bindings/wrapper","C1.4","Generated sys crate and safe wrapper","PASS","","Exported size-prefixed `extern ""C""` functions catch unwinds; prior Rust tests and the now-passing C ABI prerequisite validate the wrapper contract. Evidence: `evidence/phase1/rust-bindings-and-identities.json`, `evidence/final/c1-native-abi-msvc-validation.json`."
"C1.6","Identity and build contract","F0.2;C1.2","Internal identities and build/symbol catalog","IN_PROGRESS","","Opaque typed identity allocation journals before return; summaries are deterministic and journaled. The Gradle plugin captures an AGP-produced R8 mapping SHA-256/derived ID and scans native ELF artifacts through public AGP artifact APIs. Current fixture libraries do not contain GNU `.note.gnu.build-id`, so the catalog records an explicit `sha256` fallback rather than claiming a GNU ELF build ID. Evidence: `evidence/phase1/generated-c-link-and-build-catalog-fix.json`."
"E6.1","C1/C2 segment AEAD","STABLE_STORAGE;SEPARATE_AUTHORIZATION","Gated post-foundation encryption","NOT_APPLICABLE_WITH_RATIONALE","","Outside foundation and requires separate authorization."
"E6.2","Age X25519","STABLE_PACKAGE;SEPARATE_AUTHORIZATION","Gated recipient encryption","NOT_APPLICABLE_WITH_RATIONALE","","Outside foundation and requires separate authorization."
"E6.3","Metrics and traces","STABLE_SCHEMA;STABLE_PERFORMANCE","Out of foundation scope","NOT_APPLICABLE_WITH_RATIONALE","","Outside foundation and requires separate authorization."
"F0.1","Freeze terminology and invariants","—","Threat model, privacy classes, evidence grades, readiness states approved","PASS","76c57c4482ead7e45c900a170014761b692fd8fd","Frozen by ADR-0002 through ADR-0007 and `specs/`."
"F0.2","Pin toolchains and dependencies","F0.1","Gradle, AGP, Kotlin, JDK, NDK, CMake, Rust, Crashpad revisions locked and verified","PASS","4e7959b70097426b253dda3671eef4a8b16ae1d9","Crashpad reuse rehashes the complete expected post-patch source tree against a tracked lock value. Round-2 acquisition additionally authenticates every archive's locked byte size/SHA-256 before extraction and rejects absolute, drive-prefixed, traversal, link, device, and FIFO entries before destination writes. See `evidence/phase0/review-fix-round2-host-validation.json`."
"F0.3","Crashpad privacy spike","F0.1;F0.2","Raw stream inventory, structural-summary prototype, seeded-secret results","IN_PROGRESS","","API-23 x86_64 and arm64 artifacts build. The required API 36 targeted run now passes with exactly the five allowed streams, seeded raw evidence present, no seeded summary value, and no internal-identity match. Full qualification remains pending. Evidence: `evidence/phase0/API36-x86_64-4096-review-fix-qualification.json`."
"F0.4","Android handler spike","F0.2","Multi-client handler on the required API 36 x86_64 4 KiB emulator, with restart/death evidence","IN_PROGRESS","","ADR-0009 makes the existing emulator the sole required lane. The targeted API 36 deadline regression passes; the complete lifecycle/performance run remains pending. Historical API 30/API 37 failures are retained but are no longer release gates."
"F0.5","Emergency fallback spike","F0.2","Fixed signal record survives pre-Durable and Crashpad-unavailable faults on the required emulator","IN_PROGRESS","","The API 36 targeted run passes emergency restart reset, handler-unavailable fallback, exact prior-action chaining, and observable signal death. The complete required run remains pending."
"F0.6","Live ANR spike","F0.3;F0.4","Functional watchdog, candidate capture, nonfatal request, lifecycle, bounded-work, timeout/cancellation, and resource smoke on the required emulator","IN_PROGRESS","","The API 36 targeted hung-handler deadline regression passes. The consolidated functional, false-confirmation, lifecycle, and resource smoke run remains pending. Historical percentile/target values remain evidence but are advisory under ADR-0010."
"F0.7","Baseline artifact and resource smoke measurement","F0.3;F0.4;F0.5;F0.6","Artifact hashes plus one-emulator app/handler resource baseline","IN_PROGRESS","","API-23 x86_64 and arm64 Crashpad artifacts build with 16 KiB ELF alignment retained, and the API 36 targeted fixture passes. One pinned-toolchain rebuild pair, resource baseline, and no-network smoke remain pending. Cross-environment byte-identical APKs and physical-device statistics are advisory under ADR-0010."
"P4.1","Snapshot selection and transformation","X3.2;R2.4;R2.5;R2.8;X3.10","Frozen transformed snapshot","PASS","","`OrdinarySourceRecord` accepts only bounded `GeneratedRecord` values and derives its payload internally; `RawArtifactSource` has no public byte accessor. UID quota check/insert, release, and usage queries are serialized, so concurrent exact-byte lease reservations cannot exceed a hard bound. `RecoveredSnapshotRequestAdapter` reads recovered Phase 2 frames by process role/cutoff and consumes the generated-record codec used by Phase 3 imported structural summaries. Evidence: `evidence/final/p4-recovered-store-adapter.json`."
"P4.2","Deterministic CBOR manifest","P4.1","Canonical manifest vectors","PASS","","RFC 8949 deterministic Kotlin and Rust encoders parse the shared fixture; the Rust test reruns the Kotlin test encoder and compares actual emitted byte arrays. Evidence: `evidence/phase4/review-fix-round2-host-validation.json`."
"P4.3","Constrained deterministic ZIP materialization","P4.1;P4.2","Bounded deterministic tbdiag bytes","PASS","","STORED deterministic ZIP, digest, malicious/boundary corpus, and actual-pipeline preview/approval digest fitness test pass on host. Evidence: `evidence/phase4/package-workflow-host-validation.json`."
"P4.4","Disclosure UI and approval","P4.3","Exact decode and opaque approval","PASS","","The sole concrete approval type is non-public and created by the Activity's private button-confirmation state machine; finalized package/manifest APIs are constructor-free interfaces. `javap -p` verification is recorded. Evidence: `evidence/phase4/review-fix-host-validation.json`."
"P4.5","FileProvider and Sharesheet","P4.4","Read-only local handoff","PASS","","Non-exported narrow staging `ContentProvider`, read-only URI grant/ClipData/Sharesheet, and TTL cleanup remain host-tested. Each lease independently reserves exact finalized bytes before writing; registration and expiry cleanup are serialized, and cleanup releases each lease exactly once. Evidence: `evidence/phase4/review-fix-round3-host-validation.json`."
"P4.6","SAF save","P4.4","Cancellable local document copy","PASS","","`ACTION_CREATE_DOCUMENT`, finalized-byte-only background copy, progress/cancellation, and typed partial-copy warning are host-tested. Evidence: `evidence/phase4/package-workflow-host-validation.json`."
"P4.7","Final receipt integration","P4.5;P4.6","Accurate observable outcome receipt","PASS","","Sealed approved receipt subvariants make failure/cancellation handoff unrepresentable: only `SaveSucceededPendingOrCompleteHandoff` has both `SaveResult.Complete` and a handoff. Evidence: `evidence/phase4/review-fix-round2-host-validation.json`."
"R2.1","Lifecycle/readiness runtime","C1.3","Install and four readiness states","PASS","abab979eab6237b4593dedce951ea04a18d96b50","Explicit volatile install, conflict/idempotency result, constrained provider fallback, and durable-after-policy transition tested."
"R2.2","Policy epoch protocol and local gate","F0.4;C1.1;R2.1","Epoch revalidation and barrier protocol","PASS","abab979eab6237b4593dedce951ea04a18d96b50","Persisted control-page seam and per-writer epoch/mask revalidation are implemented. X3.2 must provide handler ownership/global acknowledgements."
"R2.3","Bounded queues, barrier, health codes","R2.2","Fixed-capacity policy-aware queues","PASS","abab979eab6237b4593dedce951ea04a18d96b50","Fixed priority queue, local barrier purge, and recursion-free health counters are tested. X3.2 triggers the cross-process barrier."
"R2.4","Segment framing/recovery","C1.2;C1.6","Valid-prefix append-only segment recovery","PASS","1ae57abc378f352afeb6d98488aa1d702bf8543d","CRC32C framed segments recover valid prefixes and seal immutably. Segment/process IDs are injected only from a Phase 1 persist-before-use allocator bridge."
"R2.5","Role and UID-wide quotas/retention","R2.4","Complete hard storage bounds","IN_PROGRESS","","Quota, stable-role retention, UID bucket accounting, metadata bounds, and priority eviction primitives are tested; writer/handler ownership integration remains required."
"R2.6","Lazy metadata summaries/index","R2.4;R2.5","Rebuildable index and index-free planning","PASS","1ae57abc378f352afeb6d98488aa1d702bf8543d","Direct segment scan is authoritative; bounded index rebuild/delete fallback is tested."
"R2.7","Direct Boot C0 module","C1.1;R2.2;R2.4","C0-only DE store and two-phase deny mirror","IN_PROGRESS","","Typed C0-only store and crash-safe pending/active mirror are tested; schema compiler generation and production CE/global coordinator wiring remain required."
"R2.8","Crash-recoverable deletion engine","R2.2;R2.3;R2.4;R2.5;R2.6;R2.7","Journaled deletion and bounded compaction","IN_PROGRESS","","Phase 2 ordinary-segment/index deletion journal and fault resume are tested; handler stores, summary tombstones, and global quiesce await Phase 3. OS-owned ApplicationExitInfo is unaffected."
"T5.1","Bounded Rust parser/validator","P4.2;P4.3","Fuzzed streaming parser","PASS","","Bounded STORED-v1 parser validates before allocating entry payloads, rejects traversal/duplicates/ZIP comments/extras/unsupported compression, and mutation/truncation smoke tests prove no panic. Evidence: `evidence/phase5/cli-parser-and-symbolication.json`."
"T5.2","Gradle build/symbol plugin","C1.6","Build identity and conformance plugin","IN_PROGRESS","","Phase 1 public-AGP identity capture already collects R8 SHA-256/ID and genuine GNU ELF build notes with SHA-256 fallback. Merged-manifest/dependency-lock release tasks remain to be integrated."
"T5.3","Offline retrace/symbolication","T5.1;T5.2","Exact-match offline symbols","IN_PROGRESS","","CLI exact module-identity/offset resolver returns typed resolved, unresolved, or hard identity mismatch with raw frame retained; R8/ELF catalog adapters remain to be integrated. Evidence: `evidence/phase5/cli-parser-and-symbolication.json`."
"T5.4","No-network conformance","ALL_FOUNDATION","Static, manifest, native, CLI and runtime proof","IN_PROGRESS","","Repeatable host-static scan reads the generated release merged manifest and locked Android runtime closures. DEX/native-import scanning and blocked-egress runtime proof on the required existing emulator remain pending. Evidence: `evidence/phase5/review-fix-round4-host-validation.json`."
"T5.5","Personal-project resource qualification","R2.*;X3.*;P4.*","Architectural invariants plus one-emulator resource baseline","IN_PROGRESS","","Record one useful API 36 emulator baseline for memory, idle CPU/wakeups, startup/readiness, ANR target pause, capture latency, package memory, and artifact size. Numerical percentile budgets, battery studies, physical devices, and OEM comparisons are advisory under ADR-0010."
"T5.6","Personal release readiness","ALL_PREVIOUS","Host gates, one-emulator suite, current documentation, and final review","IN_PROGRESS","","`PERSONAL_RELEASE_READY` requires complete implementation, host/static gates, the existing API 36 x86_64 4 KiB emulator suite, and final approval. Tracker at `G:\Github\Tracker-Android` is a downstream evaluation host after `PERSONAL_RELEASE_READY`; physical/OEM lanes do not block."
"X3.1","Handler service and IPC","F0.4;C1.4;R2.1","One handler and bounded local IPC","IN_PROGRESS","","Production non-exported handler service and explicit-trigger/death readiness state are host-tested; transport protocol integration and qualification remain."
"X3.10","Exit reconciliation","C1.6;R2.4;R2.5;R2.8;X3.6;X3.7;X3.8;X3.9","Policy-safe idempotent OS exit import","IN_PROGRESS","","Host-tested synthetic `ApplicationExitInfo` logic derives keys from every documented source field and persists installation-lifetime tombstones plus the exhaustion-disable state across ledger reconstruction; it never evicts on exhaustion and links `UNMATCHED`/`POSSIBLE`/`PROBABLE`/`EXACT`. The live Android API adapter and crash-safe raw import journal remain pending. API 37 `AnrInfo` is an advisory capability outside the required emulator lane."
"X3.2","Production global policy coordinator","R2.2;R2.3;R2.8;X3.1","Control page, census, leases, global barriers","IN_PROGRESS","","Durable census, lease probing, reboot fencing, and honest barrier outcomes are host-tested; CE/DE transaction and real multi-process Android validation remain."
"X3.3","Capture-only Crashpad integration","F0.3;C1.1;C1.6;R2.5;R2.8;X3.1;X3.2","Private capture-only Crashpad lifecycle","IN_PROGRESS","","Host-tested capture-start lifecycle now forces `raw_artifact_id`, origin process-instance/role, and epoch journal before capture bytes; CE raw artifacts participate in the R2.8 deletion transaction and simulated crash-orphan bytes are deleted without parsing. The Phase 0 C++ Crashpad capture-start hook has not yet invoked this seam, so live Android Crashpad lifecycle qualification remains."
"X3.4","Structural summary derivation and spool","X3.3;C1.2;C1.6;R2.5;R2.8","Canonical summary staging and replay","IN_PROGRESS","","Deterministic canonical summary staging, idempotent replay, and the target-segment import acknowledgement sequence (append -> flush/seal -> acknowledgement -> retire) are host-tested, including crash recovery at the after-append-before-acknowledgement boundary. Wiring to Phase 1's Rust `SummaryId::derive` FFI boundary remains pending; the current derivation is Kotlin-side only."
"X3.5","Emergency writer production path","F0.5;R2.5","Signal-safe emergency capture","IN_PROGRESS","","Phase 0 signal-safe implementation was not changed. Startup-time ingestion of a completed slot into a generated `EmergencyRecord` through the policy-gated segment path, with slot reset and safe rejection of incomplete/invalid slots, is host-tested. Live on-device startup wiring remains pending."
"X3.6","Crash dispatch/coexistence state machine","X3.3;X3.4;X3.5","Exactly one primary/fallback result","IN_PROGRESS","","Typed core's host-tested best-effort dispatch plan now accurately models one prior-handler invocation followed by default-signal termination only if that handler returns. A true JNI/native policy handoff remains pending."
"X3.7","JVM uncaught exception capture","C1.2;R2.5","Bounded JVM capture and exact chaining","IN_PROGRESS","","Bounded no-message-default wrapper, cycle handling, recursion guard, and exact prior-handler chaining are host-tested. The generated-record storage adapter now persists through the same policy-gated segment path as other writers, with a typed Dropped result on policy denial, host-tested for both outcomes. Live on-device installation wiring remains pending."
"X3.8","Rust panic/fault integration","C1.5;X3.6","Contained panic and native fault paths","IN_PROGRESS","","Bounded global hook and cfg-gated unwind containment are cargo-tested. The bounded `extern ""C""` structured-record bridge now persists validated records into a process-local 64-entry Rust ring that is retrievable by a consumer; Android/JNI/native consumption of that ring remains unwired. A release (`panic=""abort""`) probe binary was built and run, confirming abort-mode termination (process exit `-1073740791`, not a graceful return) rather than unwind; this is host/Windows-level Rust-panic-strategy evidence, not Android/ART-level validation."
"X3.9","Live ANR watchdog","F0.6;X3.3;R2.1;R2.5","Adaptive bounded watchdog","IN_PROGRESS","","The actual Android `AnrWatchdog` now consumes main-looper delay/stack timestamps through an internally synchronized `AnrStateMachine`; a deterministic host interleaving test proves recovery serializes after an in-flight candidate transition. Device measurement remains unperformed; responsive-looper limitation is documented in design section 13.6."
